Datetime,Water Level (m)
2026-09-07 12:00:00,-0.3780718
2026-09-07 13:00:00,0.37067613
2026-09-07 14:00:00,1.0690747
2026-09-07 15:00:00,1.535672
2026-09-07 16:00:00,1.739863
2026-09-07 17:00:00,1.6216487
2026-09-07 18:00:00,1.1365861
2026-09-07 19:00:00,0.42266688
2026-09-07 20:00:00,-0.33988562
2026-09-07 21:00:00,-0.9828305
2026-09-07 22:00:00,-1.3606265
2026-09-07 23:00:00,-1.2549659
2026-09-08 00:00:00,-0.4471185
2026-09-08 01:00:00,0.5224419
2026-09-08 02:00:00,1.417529
2026-09-08 03:00:00,2.0235548
2026-09-08 04:00:00,2.3271377
2026-09-08 05:00:00,2.2738123
2026-09-08 06:00:00,1.7885032
2026-09-08 07:00:00,1.0133244
2026-09-08 08:00:00,0.110205404
2026-09-08 09:00:00,-0.7095599
2026-09-08 10:00:00,-1.3319598
2026-09-08 11:00:00,-1.6648171
2026-09-08 12:00:00,-1.3724025
2026-09-08 13:00:00,-0.3299077
2026-09-08 14:00:00,0.6709808
2026-09-08 15:00:00,1.5260882
2026-09-08 16:00:00,2.0050015
2026-09-08 17:00:00,2.1416247
2026-09-08 18:00:00,1.907681
2026-09-08 19:00:00,1.2532293
2026-09-08 20:00:00,0.3971284
2026-09-08 21:00:00,-0.474838
2026-09-08 22:00:00,-1.1907327
2026-09-08 23:00:00,-1.6509867
2026-09-09 00:00:00,-1.5130641
2026-09-09 01:00:00,-0.45169184
2026-09-09 02:00:00,0.6821872
2026-09-09 03:00:00,1.7264282
2026-09-09 04:00:00,2.3920197
2026-09-09 05:00:00,2.6726165
2026-09-09 06:00:00,2.5164008
2026-09-09 07:00:00,1.8433563
2026-09-09 08:00:00,0.9128671
2026-09-09 09:00:00,-0.08036009
2026-09-09 10:00:00,-0.96708786
2026-09-09 11:00:00,-1.6253827
2026-09-09 12:00:00,-1.8703583
2026-09-09 13:00:00,-1.2466155
2026-09-09 14:00:00,0.013144713
2026-09-09 15:00:00,1.1074028
2026-09-09 16:00:00,1.9576612
2026-09-09 17:00:00,2.3796992
2026-09-09 18:00:00,2.3901227
2026-09-09 19:00:00,1.9663984
2026-09-09 20:00:00,1.1488287
2026-09-09 21:00:00,0.16526511
2026-09-09 22:00:00,-0.779635
2026-09-09 23:00:00,-1.527038
2026-09-10 00:00:00,-1.8946111
2026-09-10 01:00:00,-1.5011717
2026-09-10 02:00:00,-0.15280353
2026-09-10 03:00:00,1.0519675
2026-09-10 04:00:00,2.0811033
2026-09-10 05:00:00,2.644329
2026-09-10 06:00:00,2.7637963
2026-09-10 07:00:00,2.4221497
2026-09-10 08:00:00,1.6139102
2026-09-10 09:00:00,0.59532416
2026-09-10 10:00:00,-0.43123373
2026-09-10 11:00:00,-1.2656438
2026-09-10 12:00:00,-1.8789514
2026-09-10 13:00:00,-1.9341526
2026-09-10 14:00:00,-0.7956716
2026-09-10 15:00:00,0.51774037
2026-09-10 16:00:00,1.6565899
2026-09-10 17:00:00,2.3829656
2026-09-10 18:00:00,2.6735477
2026-09-10 19:00:00,2.5177062
2026-09-10 20:00:00,1.8529938
2026-09-10 21:00:00,0.9086031
2026-09-10 22:00:00,-0.12987624
2026-09-10 23:00:00,-1.0580606
2026-09-11 00:00:00,-1.7592126
2026-09-11 01:00:00,-2.000461
2026-09-11 02:00:00,-1.1470071
2026-09-11 03:00:00,0.29195374
2026-09-11 04:00:00,1.5437491
2026-09-11 05:00:00,2.462416
2026-09-11 06:00:00,2.8932168
2026-09-11 07:00:00,2.8467488
2026-09-11 08:00:00,2.2843587
2026-09-11 09:00:00,1.3512294
2026-09-11 10:00:00,0.24772479
2026-09-11 11:00:00,-0.7707955
2026-09-11 12:00:00,-1.5778278
2026-09-11 13:00:00,-2.0063946
2026-09-11 14:00:00,-1.6591052
2026-09-11 15:00:00,-0.16989042
2026-09-11 16:00:00,1.0709008
2026-09-11 17:00:00,2.1276627
2026-09-11 18:00:00,2.6985588
2026-09-11 19:00:00,2.8058681
2026-09-11 20:00:00,2.446329
2026-09-11 21:00:00,1.6027386
2026-09-11 22:00:00,0.5570051
2026-09-11 23:00:00,-0.48797593
2026-09-12 00:00:00,-1.335636
2026-09-12 01:00:00,-1.9275172
2026-09-12 02:00:00,-1.8867062
2026-09-12 03:00:00,-0.5461834
2026-09-12 04:00:00,0.7693859
2026-09-12 05:00:00,1.9291264
2026-09-12 06:00:00,2.6106825
2026-09-12 07:00:00,2.8117197
2026-09-12 08:00:00,2.557516
2026-09-12 09:00:00,1.7872428
2026-09-12 10:00:00,0.7845053
2026-09-12 11:00:00,-0.27781808
2026-09-12 12:00:00,-1.216531
2026-09-12 13:00:00,-1.859055
2026-09-12 14:00:00,-2.0863101
2026-09-12 15:00:00,-1.0754584
2026-09-12 16:00:00,0.37064767
2026-09-12 17:00:00,1.589456
2026-09-12 18:00:00,2.4400299
2026-09-12 19:00:00,2.7991874
2026-09-12 20:00:00,2.6754713
2026-09-12 21:00:00,2.0433955
2026-09-12 22:00:00,1.0992838
2026-09-12 23:00:00,0.025921257
2026-09-13 00:00:00,-0.9300841
2026-09-13 01:00:00,-1.7088492
2026-09-13 02:00:00,-2.0811868
2026-09-13 03:00:00,-1.5028468
2026-09-13 04:00:00,-0.027112614
2026-09-13 05:00:00,1.182103
2026-09-13 06:00:00,2.1488438
2026-09-13 07:00:00,2.5980465
2026-09-13 08:00:00,2.5815656
2026-09-13 09:00:00,2.106676
2026-09-13 10:00:00,1.2270257
2026-09-13 11:00:00,0.19754387
2026-09-13 12:00:00,-0.8028368
